HistoryID,UserID,DestinationID,VisitDate,ExperienceRating
1,525,0,2024-01-01,3
2,184,2,2024-02-15,5
3,897,1,2024-03-20,2
4,470,0,2024-01-01,1
5,989,4,2024-02-15,4
6,266,4,2024-03-20,3
7,399,3,2024-01-01,2
8,869,1,2024-02-15,4
9,580,0,2024-03-20,1
10,876,2,2024-01-01,4
11,522,2,2024-02-15,2
12,989,4,2024-03-20,4
13,469,0,2024-01-01,3
14,46,2,2024-02-15,1
15,98,2,2024-03-20,5
16,45,0,2024-01-01,4
17,424,3,2024-02-15,2
18,352,4,2024-03-20,5
19,330,3,2024-01-01,3
20,76,0,2024-02-15,2
21,501,0,2024-03-20,1
22,609,3,2024-01-01,1
23,276,1,2024-02-15,4
24,752,0,2024-03-20,3
25,81,0,2024-01-01,3
26,290,4,2024-02-15,2
27,422,1,2024-03-20,2
28,129,1,2024-01-01,3
29,324,3,2024-02-15,5
30,421,0,2024-03-20,3
31,2,0,2024-01-01,5
32,476,4,2024-02-15,1
33,260,3,2024-03-20,2
34,878,2,2024-01-01,1
35,951,4,2024-02-15,4
36,688,1,2024-03-20,5
37,902,1,2024-01-01,4
38,533,4,2024-02-15,3
39,234,4,2024-03-20,2
40,9,4,2024-01-01,2
41,781,4,2024-02-15,3
42,739,4,2024-03-20,3
43,649,1,2024-01-01,2
44,463,0,2024-02-15,5
45,631,4,2024-03-20,2
46,708,2,2024-01-01,4
47,891,1,2024-02-15,3
48,488,2,2024-03-20,2
49,554,3,2024-01-01,1
50,957,4,2024-02-15,1
51,296,3,2024-03-20,5
52,295,1,2024-01-01,1
53,234,2,2024-02-15,2
54,306,3,2024-03-20,3
55,18,3,2024-01-01,1
56,297,4,2024-02-15,2
57,882,4,2024-03-20,1
58,809,1,2024-01-01,1
59,591,3,2024-02-15,1
60,65,4,2024-03-20,3
61,290,2,2024-01-01,1
62,217,3,2024-02-15,2
63,977,0,2024-03-20,3
64,859,0,2024-01-01,3
65,29,0,2024-02-15,3
66,747,0,2024-03-20,4
67,61,4,2024-01-01,5
68,906,0,2024-02-15,4
69,442,3,2024-03-20,3
70,450,4,2024-01-01,5
71,18,2,2024-02-15,1
72,446,0,2024-03-20,3
73,222,3,2024-01-01,4
74,852,4,2024-02-15,5
75,328,3,2024-03-20,4
76,537,4,2024-01-01,5
77,431,1,2024-02-15,4
78,423,4,2024-03-20,4
79,327,0,2024-01-01,3
80,628,1,2024-02-15,5
81,834,0,2024-03-20,2
82,303,4,2024-01-01,1
83,636,4,2024-02-15,5
84,69,2,2024-03-20,2
85,107,0,2024-01-01,5
86,866,4,2024-02-15,2
87,60,0,2024-03-20,4
88,461,4,2024-01-01,1
89,594,0,2024-02-15,3
90,344,0,2024-03-20,4
91,331,3,2024-01-01,2
92,855,1,2024-02-15,5
93,44,0,2024-03-20,2
94,291,0,2024-01-01,1
95,34,1,2024-02-15,5
96,77,3,2024-03-20,5
97,976,1,2024-01-01,5
98,556,2,2024-02-15,2
99,671,4,2024-03-20,2
100,88,4,2024-01-01,1
101,934,1,2024-02-15,2
102,653,3,2024-03-20,5
103,676,4,2024-01-01,5
104,411,0,2024-02-15,1
105,323,2,2024-03-20,2
106,756,1,2024-01-01,1
107,686,0,2024-02-15,5
108,941,1,2024-03-20,4
109,899,4,2024-01-01,1
110,544,2,2024-02-15,4
111,132,4,2024-03-20,5
112,890,0,2024-01-01,4
113,944,1,2024-02-15,4
114,438,0,2024-03-20,1
115,524,1,2024-01-01,5
116,160,1,2024-02-15,1
117,288,3,2024-03-20,3
118,363,2,2024-01-01,2
119,35,1,2024-02-15,5
120,316,2,2024-03-20,5
121,239,2,2024-01-01,4
122,948,0,2024-02-15,3
123,343,3,2024-03-20,3
124,50,1,2024-01-01,2
125,78,1,2024-02-15,4
126,563,3,2024-03-20,3
127,805,3,2024-01-01,3
128,462,3,2024-02-15,2
129,762,4,2024-03-20,1
130,129,4,2024-01-01,2
131,404,2,2024-02-15,3
132,155,2,2024-03-20,5
133,944,4,2024-01-01,4
134,148,1,2024-02-15,2
135,119,2,2024-03-20,4
136,356,3,2024-01-01,2
137,596,1,2024-02-15,5
138,850,1,2024-03-20,1
139,975,3,2024-01-01,3
140,759,4,2024-02-15,1
141,298,2,2024-03-20,4
142,367,1,2024-01-01,4
143,904,4,2024-02-15,5
144,750,1,2024-03-20,2
145,256,2,2024-01-01,3
146,703,2,2024-02-15,2
147,757,1,2024-03-20,2
148,526,0,2024-01-01,3
149,480,4,2024-02-15,1
150,782,0,2024-03-20,3
151,874,0,2024-01-01,3
152,979,3,2024-02-15,2
153,851,1,2024-03-20,4
154,823,4,2024-01-01,3
155,127,3,2024-02-15,3
156,250,3,2024-03-20,2
157,392,1,2024-01-01,4
158,621,4,2024-02-15,5
159,204,0,2024-03-20,2
160,814,1,2024-01-01,4
161,539,2,2024-02-15,4
162,677,4,2024-03-20,2
163,299,0,2024-01-01,2
164,883,1,2024-02-15,5
165,916,3,2024-03-20,1
166,483,1,2024-01-01,1
167,575,1,2024-02-15,2
168,544,3,2024-03-20,5
169,632,0,2024-01-01,1
170,467,4,2024-02-15,2
171,484,2,2024-03-20,4
172,902,1,2024-01-01,2
173,15,2,2024-02-15,1
174,235,1,2024-03-20,1
175,402,2,2024-01-01,1
176,792,3,2024-02-15,1
177,819,4,2024-03-20,1
178,863,0,2024-01-01,4
179,436,3,2024-02-15,5
180,868,4,2024-03-20,4
181,608,4,2024-01-01,1
182,146,4,2024-02-15,2
183,936,4,2024-03-20,1
184,234,4,2024-01-01,4
185,672,0,2024-02-15,1
186,181,4,2024-03-20,1
187,662,2,2024-01-01,3
188,742,1,2024-02-15,5
189,904,1,2024-03-20,5
190,247,1,2024-01-01,2
191,279,4,2024-02-15,5
192,51,1,2024-03-20,5
193,180,0,2024-01-01,3
194,5,0,2024-02-15,3
195,537,2,2024-03-20,2
196,143,4,2024-01-01,1
197,121,0,2024-02-15,5
198,351,1,2024-03-20,1
199,24,2,2024-01-01,4
200,88,3,2024-02-15,2
201,888,0,2024-03-20,2
202,353,4,2024-01-01,5
203,367,2,2024-02-15,4
204,593,0,2024-03-20,1
205,79,3,2024-01-01,4
206,962,0,2024-02-15,3
207,829,1,2024-03-20,1
208,539,4,2024-01-01,1
209,298,1,2024-02-15,2
210,814,3,2024-03-20,5
211,211,4,2024-01-01,3
212,746,2,2024-02-15,5
213,218,3,2024-03-20,1
214,745,1,2024-01-01,3
215,92,2,2024-02-15,1
216,65,3,2024-03-20,1
217,653,2,2024-01-01,4
218,365,2,2024-02-15,3
219,724,1,2024-03-20,5
220,530,2,2024-01-01,4
221,747,0,2024-02-15,5
222,723,0,2024-03-20,2
223,71,0,2024-01-01,4
224,954,3,2024-02-15,5
225,474,4,2024-03-20,1
226,606,2,2024-01-01,2
227,123,4,2024-02-15,2
228,799,4,2024-03-20,4
229,869,2,2024-01-01,2
230,218,4,2024-02-15,3
231,67,3,2024-03-20,4
232,786,2,2024-01-01,5
233,335,1,2024-02-15,2
234,429,2,2024-03-20,4
235,931,2,2024-01-01,1
236,846,4,2024-02-15,2
237,904,1,2024-03-20,1
238,359,4,2024-01-01,4
239,888,0,2024-02-15,4
240,413,4,2024-03-20,1
241,594,2,2024-01-01,1
242,443,2,2024-02-15,2
243,878,1,2024-03-20,3
244,461,3,2024-01-01,4
245,966,3,2024-02-15,2
246,976,3,2024-03-20,3
247,725,0,2024-01-01,5
248,141,2,2024-02-15,2
249,109,0,2024-03-20,5
250,765,3,2024-01-01,5
251,165,4,2024-02-15,3
252,852,4,2024-03-20,4
253,201,4,2024-01-01,3
254,359,3,2024-02-15,2
255,832,2,2024-03-20,1
256,828,4,2024-01-01,2
257,15,1,2024-02-15,2
258,548,0,2024-03-20,4
259,368,0,2024-01-01,5
260,754,0,2024-02-15,1
261,426,1,2024-03-20,2
262,287,3,2024-01-01,4
263,166,3,2024-02-15,1
264,862,0,2024-03-20,3
265,798,4,2024-01-01,3
266,252,3,2024-02-15,3
267,247,1,2024-03-20,4
268,585,1,2024-01-01,4
269,538,2,2024-02-15,1
270,790,0,2024-03-20,3
271,767,2,2024-01-01,5
272,259,1,2024-02-15,4
273,259,4,2024-03-20,5
274,123,2,2024-01-01,4
275,298,4,2024-02-15,1
276,503,1,2024-03-20,5
277,647,1,2024-01-01,3
278,232,1,2024-02-15,4
279,91,3,2024-03-20,5
280,735,2,2024-01-01,3
281,321,0,2024-02-15,4
282,252,4,2024-03-20,1
283,238,2,2024-01-01,5
284,582,3,2024-02-15,4
285,315,1,2024-03-20,2
286,537,2,2024-01-01,1
287,33,3,2024-02-15,4
288,133,2,2024-03-20,4
289,444,2,2024-01-01,2
290,518,1,2024-02-15,2
291,610,2,2024-03-20,5
292,555,2,2024-01-01,4
293,644,0,2024-02-15,5
294,733,3,2024-03-20,3
295,717,4,2024-01-01,1
296,343,0,2024-02-15,3
297,887,3,2024-03-20,3
298,341,3,2024-01-01,4
299,575,2,2024-02-15,5
300,70,1,2024-03-20,3
301,409,4,2024-01-01,3
302,874,2,2024-02-15,2
303,419,2,2024-03-20,4
304,80,3,2024-01-01,1
305,794,3,2024-02-15,4
306,784,4,2024-03-20,1
307,606,3,2024-01-01,4
308,436,0,2024-02-15,1
309,92,1,2024-03-20,3
310,942,4,2024-01-01,3
311,128,0,2024-02-15,3
312,835,3,2024-03-20,5
313,715,1,2024-01-01,2
314,126,3,2024-02-15,3
315,956,2,2024-03-20,3
316,319,3,2024-01-01,4
317,917,1,2024-02-15,2
318,430,4,2024-03-20,3
319,592,3,2024-01-01,3
320,680,0,2024-02-15,1
321,209,2,2024-03-20,4
322,876,3,2024-01-01,5
323,923,2,2024-02-15,3
324,688,3,2024-03-20,2
325,757,1,2024-01-01,5
326,424,0,2024-02-15,1
327,518,0,2024-03-20,2
328,598,1,2024-01-01,3
329,390,1,2024-02-15,5
330,263,3,2024-03-20,2
331,408,3,2024-01-01,2
332,907,2,2024-02-15,3
333,343,4,2024-03-20,5
334,27,0,2024-01-01,1
335,607,2,2024-02-15,5
336,653,1,2024-03-20,4
337,153,0,2024-01-01,4
338,186,1,2024-02-15,2
339,499,0,2024-03-20,3
340,442,2,2024-01-01,2
341,321,4,2024-02-15,5
342,416,4,2024-03-20,3
343,80,4,2024-01-01,2
344,708,0,2024-02-15,2
345,971,2,2024-03-20,2
346,579,1,2024-01-01,4
347,560,3,2024-02-15,1
348,837,4,2024-03-20,3
349,415,1,2024-01-01,4
350,864,0,2024-02-15,2
351,584,2,2024-03-20,3
352,992,2,2024-01-01,4
353,682,0,2024-02-15,2
354,725,4,2024-03-20,1
355,550,3,2024-01-01,2
356,572,4,2024-02-15,4
357,696,2,2024-03-20,3
358,803,2,2024-01-01,5
359,352,3,2024-02-15,1
360,283,2,2024-03-20,5
361,844,1,2024-01-01,3
362,690,3,2024-02-15,2
363,503,4,2024-03-20,4
364,987,4,2024-01-01,5
365,743,4,2024-02-15,4
366,182,2,2024-03-20,5
367,821,4,2024-01-01,3
368,252,2,2024-02-15,3
369,283,2,2024-03-20,5
370,87,4,2024-01-01,4
371,273,4,2024-02-15,3
372,962,4,2024-03-20,4
373,919,3,2024-01-01,2
374,55,1,2024-02-15,4
375,454,1,2024-03-20,2
376,530,0,2024-01-01,4
377,530,1,2024-02-15,4
378,748,1,2024-03-20,2
379,991,1,2024-01-01,1
380,189,3,2024-02-15,3
381,117,1,2024-03-20,1
382,711,4,2024-01-01,3
383,80,3,2024-02-15,3
384,827,1,2024-03-20,3
385,684,1,2024-01-01,2
386,847,1,2024-02-15,4
387,620,4,2024-03-20,4
388,701,2,2024-01-01,5
389,777,0,2024-02-15,2
390,91,4,2024-03-20,3
391,42,4,2024-01-01,2
392,115,0,2024-02-15,3
393,8,0,2024-03-20,5
394,943,0,2024-01-01,5
395,537,2,2024-02-15,2
396,63,0,2024-03-20,2
397,172,1,2024-01-01,1
398,800,3,2024-02-15,3
399,368,3,2024-03-20,3
400,685,0,2024-01-01,1
401,878,4,2024-02-15,1
402,423,1,2024-03-20,5
403,594,0,2024-01-01,1
404,224,4,2024-02-15,4
405,747,2,2024-03-20,1
406,318,2,2024-01-01,3
407,288,3,2024-02-15,3
408,8,4,2024-03-20,5
409,653,3,2024-01-01,4
410,949,4,2024-02-15,4
411,567,1,2024-03-20,5
412,628,0,2024-01-01,5
413,801,4,2024-02-15,5
414,53,3,2024-03-20,5
415,762,4,2024-01-01,5
416,463,4,2024-02-15,1
417,121,0,2024-03-20,2
418,437,3,2024-01-01,2
419,642,4,2024-02-15,4
420,344,4,2024-03-20,2
421,316,0,2024-01-01,3
422,592,1,2024-02-15,3
423,858,0,2024-03-20,3
424,835,1,2024-01-01,2
425,335,0,2024-02-15,4
426,496,3,2024-03-20,1
427,13,4,2024-01-01,2
428,69,0,2024-02-15,2
429,215,2,2024-03-20,5
430,35,2,2024-01-01,4
431,778,1,2024-02-15,5
432,578,1,2024-03-20,4
433,261,0,2024-01-01,1
434,673,3,2024-02-15,1
435,527,2,2024-03-20,1
436,163,3,2024-01-01,4
437,578,0,2024-02-15,1
438,311,0,2024-03-20,5
439,242,4,2024-01-01,5
440,73,0,2024-02-15,1
441,779,4,2024-03-20,1
442,446,0,2024-01-01,4
443,320,3,2024-02-15,1
444,639,0,2024-03-20,5
445,733,1,2024-01-01,5
446,572,3,2024-02-15,5
447,168,2,2024-03-20,2
448,114,0,2024-01-01,5
449,282,4,2024-02-15,3
450,359,3,2024-03-20,4
451,2,2,2024-01-01,2
452,777,1,2024-02-15,3
453,67,0,2024-03-20,4
454,346,3,2024-01-01,2
455,736,0,2024-02-15,2
456,932,0,2024-03-20,5
457,718,0,2024-01-01,1
458,534,1,2024-02-15,2
459,743,4,2024-03-20,1
460,17,0,2024-01-01,4
461,319,4,2024-02-15,4
462,954,1,2024-03-20,4
463,368,1,2024-01-01,3
464,293,4,2024-02-15,3
465,723,3,2024-03-20,3
466,434,1,2024-01-01,1
467,707,4,2024-02-15,2
468,466,0,2024-03-20,5
469,306,2,2024-01-01,3
470,586,3,2024-02-15,5
471,341,4,2024-03-20,1
472,20,1,2024-01-01,5
473,999,1,2024-02-15,3
474,292,0,2024-03-20,2
475,213,0,2024-01-01,2
476,891,0,2024-02-15,5
477,335,0,2024-03-20,4
478,669,1,2024-01-01,4
479,473,3,2024-02-15,5
480,9,1,2024-03-20,5
481,3,4,2024-01-01,4
482,13,0,2024-02-15,5
483,721,1,2024-03-20,4
484,293,4,2024-01-01,4
485,693,3,2024-02-15,2
486,936,0,2024-03-20,1
487,356,1,2024-01-01,2
488,840,3,2024-02-15,5
489,554,4,2024-03-20,4
490,338,1,2024-01-01,5
491,434,0,2024-02-15,3
492,768,4,2024-03-20,3
493,108,2,2024-01-01,2
494,511,4,2024-02-15,2
495,93,3,2024-03-20,1
496,752,3,2024-01-01,5
497,516,1,2024-02-15,5
498,527,3,2024-03-20,2
499,23,0,2024-01-01,3
500,569,1,2024-02-15,2
501,676,2,2024-03-20,2
502,27,2,2024-01-01,5
503,944,2,2024-02-15,3
504,613,1,2024-03-20,3
505,614,1,2024-01-01,2
506,373,2,2024-02-15,5
507,169,1,2024-03-20,5
508,482,0,2024-01-01,3
509,535,2,2024-02-15,4
510,343,3,2024-03-20,1
511,16,0,2024-01-01,2
512,401,0,2024-02-15,1
513,65,2,2024-03-20,4
514,767,2,2024-01-01,4
515,137,0,2024-02-15,5
516,992,1,2024-03-20,5
517,528,2,2024-01-01,4
518,59,3,2024-02-15,4
519,528,4,2024-03-20,1
520,597,1,2024-01-01,5
521,290,3,2024-02-15,3
522,657,3,2024-03-20,5
523,400,4,2024-01-01,1
524,750,0,2024-02-15,1
525,833,3,2024-03-20,1
526,773,4,2024-01-01,3
527,285,2,2024-02-15,2
528,184,4,2024-03-20,3
529,560,4,2024-01-01,4
530,498,2,2024-02-15,3
531,659,4,2024-03-20,3
532,591,4,2024-01-01,4
533,964,3,2024-02-15,4
534,458,2,2024-03-20,2
535,572,0,2024-01-01,3
536,502,3,2024-02-15,1
537,635,3,2024-03-20,4
538,512,0,2024-01-01,2
539,609,2,2024-02-15,2
540,758,3,2024-03-20,4
541,30,4,2024-01-01,5
542,124,1,2024-02-15,3
543,678,1,2024-03-20,3
544,3,1,2024-01-01,4
545,928,1,2024-02-15,3
546,424,1,2024-03-20,5
547,778,4,2024-01-01,5
548,490,4,2024-02-15,1
549,765,4,2024-03-20,2
550,286,3,2024-01-01,1
551,235,1,2024-02-15,2
552,122,3,2024-03-20,1
553,982,4,2024-01-01,1
554,679,2,2024-02-15,5
555,210,1,2024-03-20,1
556,346,3,2024-01-01,4
557,953,1,2024-02-15,2
558,862,3,2024-03-20,2
559,290,4,2024-01-01,2
560,93,0,2024-02-15,2
561,217,4,2024-03-20,4
562,940,1,2024-01-01,5
563,197,3,2024-02-15,4
564,930,3,2024-03-20,2
565,943,4,2024-01-01,4
566,35,3,2024-02-15,2
567,366,4,2024-03-20,2
568,214,2,2024-01-01,3
569,560,2,2024-02-15,3
570,684,2,2024-03-20,2
571,373,0,2024-01-01,1
572,623,0,2024-02-15,1
573,474,3,2024-03-20,4
574,42,0,2024-01-01,4
575,394,1,2024-02-15,1
576,104,0,2024-03-20,1
577,13,0,2024-01-01,5
578,868,4,2024-02-15,5
579,954,4,2024-03-20,2
580,342,0,2024-01-01,3
581,754,1,2024-02-15,2
582,87,4,2024-03-20,3
583,441,0,2024-01-01,2
584,878,2,2024-02-15,4
585,757,3,2024-03-20,4
586,516,4,2024-01-01,1
587,915,4,2024-02-15,1
588,718,3,2024-03-20,4
589,269,2,2024-01-01,3
590,621,1,2024-02-15,5
591,688,2,2024-03-20,3
592,905,2,2024-01-01,2
593,709,4,2024-02-15,3
594,713,1,2024-03-20,2
595,158,2,2024-01-01,4
596,400,2,2024-02-15,1
597,318,1,2024-03-20,2
598,699,2,2024-01-01,2
599,1,1,2024-02-15,5
600,367,3,2024-03-20,3
601,578,1,2024-01-01,1
602,951,4,2024-02-15,1
603,54,3,2024-03-20,2
604,573,2,2024-01-01,2
605,93,2,2024-02-15,4
606,320,0,2024-03-20,4
607,325,0,2024-01-01,4
608,567,4,2024-02-15,5
609,849,1,2024-03-20,5
610,944,2,2024-01-01,3
611,855,0,2024-02-15,1
612,42,3,2024-03-20,2
613,677,4,2024-01-01,2
614,382,1,2024-02-15,3
615,668,2,2024-03-20,4
616,674,0,2024-01-01,1
617,336,1,2024-02-15,1
618,484,0,2024-03-20,1
619,923,0,2024-01-01,2
620,799,3,2024-02-15,1
621,239,0,2024-03-20,5
622,174,4,2024-01-01,1
623,985,3,2024-02-15,4
624,812,3,2024-03-20,3
625,459,2,2024-01-01,2
626,873,0,2024-02-15,2
627,230,2,2024-03-20,3
628,391,1,2024-01-01,3
629,272,4,2024-02-15,2
630,407,0,2024-03-20,2
631,384,3,2024-01-01,3
632,468,4,2024-02-15,5
633,647,1,2024-03-20,4
634,148,3,2024-01-01,4
635,612,2,2024-02-15,5
636,942,4,2024-03-20,1
637,448,2,2024-01-01,2
638,332,3,2024-02-15,1
639,191,4,2024-03-20,1
640,774,1,2024-01-01,2
641,44,0,2024-02-15,5
642,916,2,2024-03-20,1
643,850,1,2024-01-01,4
644,349,3,2024-02-15,1
645,158,2,2024-03-20,2
646,480,0,2024-01-01,2
647,870,4,2024-02-15,2
648,466,4,2024-03-20,4
649,769,1,2024-01-01,1
650,260,2,2024-02-15,5
651,937,2,2024-03-20,1
652,82,0,2024-01-01,4
653,348,2,2024-02-15,4
654,814,2,2024-03-20,1
655,769,1,2024-01-01,3
656,9,0,2024-02-15,4
657,528,4,2024-03-20,2
658,197,1,2024-01-01,4
659,834,1,2024-02-15,4
660,168,1,2024-03-20,5
661,711,1,2024-01-01,2
662,302,4,2024-02-15,1
663,647,3,2024-03-20,1
664,418,3,2024-01-01,4
665,972,3,2024-02-15,1
666,745,1,2024-03-20,4
667,878,1,2024-01-01,4
668,101,2,2024-02-15,4
669,888,3,2024-03-20,3
670,865,0,2024-01-01,2
671,394,1,2024-02-15,1
672,106,0,2024-03-20,1
673,722,2,2024-01-01,1
674,654,3,2024-02-15,2
675,520,4,2024-03-20,4
676,184,3,2024-01-01,3
677,328,2,2024-02-15,1
678,846,4,2024-03-20,2
679,902,1,2024-01-01,2
680,806,4,2024-02-15,1
681,597,1,2024-03-20,2
682,465,1,2024-01-01,2
683,401,4,2024-02-15,5
684,868,4,2024-03-20,1
685,686,4,2024-01-01,1
686,55,3,2024-02-15,3
687,934,1,2024-03-20,1
688,188,2,2024-01-01,5
689,651,0,2024-02-15,2
690,950,2,2024-03-20,4
691,978,4,2024-01-01,4
692,999,1,2024-02-15,3
693,184,0,2024-03-20,1
694,372,2,2024-01-01,2
695,778,0,2024-02-15,1
696,135,1,2024-03-20,5
697,945,4,2024-01-01,3
698,102,4,2024-02-15,2
699,374,3,2024-03-20,2
700,526,0,2024-01-01,3
701,294,0,2024-02-15,3
702,800,4,2024-03-20,1
703,893,1,2024-01-01,3
704,614,0,2024-02-15,5
705,826,3,2024-03-20,4
706,507,2,2024-01-01,2
707,315,3,2024-02-15,1
708,102,1,2024-03-20,3
709,166,4,2024-01-01,5
710,11,4,2024-02-15,3
711,56,2,2024-03-20,5
712,722,1,2024-01-01,2
713,50,4,2024-02-15,3
714,300,4,2024-03-20,1
715,834,1,2024-01-01,5
716,209,2,2024-02-15,1
717,700,0,2024-03-20,4
718,303,3,2024-01-01,2
719,809,3,2024-02-15,5
720,849,1,2024-03-20,2
721,220,1,2024-01-01,3
722,896,4,2024-02-15,4
723,637,4,2024-03-20,1
724,98,3,2024-01-01,1
725,631,4,2024-02-15,1
726,43,0,2024-03-20,1
727,961,0,2024-01-01,2
728,689,0,2024-02-15,3
729,729,4,2024-03-20,3
730,970,0,2024-01-01,5
731,934,1,2024-02-15,2
732,498,3,2024-03-20,1
733,531,2,2024-01-01,4
734,15,1,2024-02-15,4
735,228,0,2024-03-20,1
736,637,2,2024-01-01,5
737,366,1,2024-02-15,1
738,823,4,2024-03-20,3
739,693,3,2024-01-01,1
740,837,2,2024-02-15,3
741,216,2,2024-03-20,1
742,798,0,2024-01-01,5
743,207,2,2024-02-15,3
744,187,2,2024-03-20,4
745,208,3,2024-01-01,3
746,308,0,2024-02-15,3
747,95,2,2024-03-20,2
748,103,3,2024-01-01,2
749,63,2,2024-02-15,2
750,397,0,2024-03-20,3
751,240,0,2024-01-01,2
752,153,4,2024-02-15,2
753,930,1,2024-03-20,2
754,72,4,2024-01-01,3
755,928,3,2024-02-15,4
756,213,0,2024-03-20,4
757,94,0,2024-01-01,1
758,773,3,2024-02-15,3
759,712,1,2024-03-20,3
760,201,3,2024-01-01,3
761,336,2,2024-02-15,2
762,360,0,2024-03-20,2
763,990,1,2024-01-01,3
764,939,4,2024-02-15,3
765,305,1,2024-03-20,1
766,168,1,2024-01-01,2
767,250,2,2024-02-15,3
768,564,3,2024-03-20,3
769,328,3,2024-01-01,5
770,607,3,2024-02-15,2
771,281,3,2024-03-20,5
772,185,3,2024-01-01,3
773,830,3,2024-02-15,2
774,200,1,2024-03-20,3
775,265,1,2024-01-01,1
776,925,3,2024-02-15,3
777,500,2,2024-03-20,5
778,912,1,2024-01-01,3
779,602,2,2024-02-15,5
780,26,2,2024-03-20,5
781,992,4,2024-01-01,1
782,123,3,2024-02-15,3
783,274,2,2024-03-20,4
784,478,4,2024-01-01,2
785,694,0,2024-02-15,2
786,964,1,2024-03-20,2
787,402,3,2024-01-01,2
788,803,0,2024-02-15,5
789,159,2,2024-03-20,3
790,34,0,2024-01-01,5
791,419,3,2024-02-15,1
792,851,1,2024-03-20,3
793,328,2,2024-01-01,1
794,868,1,2024-02-15,5
795,220,3,2024-03-20,5
796,100,3,2024-01-01,3
797,590,1,2024-02-15,4
798,542,0,2024-03-20,1
799,20,4,2024-01-01,4
800,793,2,2024-02-15,2
801,388,2,2024-03-20,4
802,45,4,2024-01-01,2
803,299,2,2024-02-15,4
804,973,3,2024-03-20,3
805,106,2,2024-01-01,2
806,233,0,2024-02-15,5
807,148,1,2024-03-20,1
808,701,0,2024-01-01,2
809,276,3,2024-02-15,1
810,929,0,2024-03-20,3
811,386,0,2024-01-01,4
812,824,1,2024-02-15,4
813,871,0,2024-03-20,5
814,688,3,2024-01-01,4
815,546,1,2024-02-15,4
816,310,3,2024-03-20,1
817,178,2,2024-01-01,4
818,906,3,2024-02-15,3
819,206,4,2024-03-20,2
820,278,4,2024-01-01,2
821,177,2,2024-02-15,2
822,759,2,2024-03-20,5
823,348,4,2024-01-01,1
824,212,2,2024-02-15,1
825,78,1,2024-03-20,3
826,231,0,2024-01-01,5
827,875,0,2024-02-15,2
828,799,0,2024-03-20,4
829,16,0,2024-01-01,4
830,254,1,2024-02-15,2
831,576,3,2024-03-20,5
832,393,4,2024-01-01,5
833,322,3,2024-02-15,5
834,783,4,2024-03-20,2
835,535,3,2024-01-01,1
836,898,1,2024-02-15,3
837,821,0,2024-03-20,5
838,928,0,2024-01-01,3
839,834,0,2024-02-15,2
840,21,4,2024-03-20,3
841,234,1,2024-01-01,1
842,600,2,2024-02-15,5
843,851,4,2024-03-20,4
844,378,3,2024-01-01,2
845,811,4,2024-02-15,5
846,606,3,2024-03-20,3
847,706,1,2024-01-01,2
848,859,1,2024-02-15,5
849,117,4,2024-03-20,2
850,797,3,2024-01-01,2
851,74,1,2024-02-15,1
852,60,1,2024-03-20,2
853,903,1,2024-01-01,5
854,258,1,2024-02-15,1
855,7,0,2024-03-20,1
856,431,2,2024-01-01,4
857,475,1,2024-02-15,5
858,629,0,2024-03-20,5
859,618,3,2024-01-01,3
860,291,2,2024-02-15,3
861,476,2,2024-03-20,3
862,551,4,2024-01-01,1
863,17,4,2024-02-15,3
864,838,0,2024-03-20,1
865,454,2,2024-01-01,2
866,238,2,2024-02-15,2
867,367,0,2024-03-20,5
868,101,4,2024-01-01,3
869,509,4,2024-02-15,1
870,42,3,2024-03-20,1
871,112,1,2024-01-01,5
872,262,2,2024-02-15,2
873,996,2,2024-03-20,3
874,662,4,2024-01-01,1
875,872,2,2024-02-15,1
876,1,2,2024-03-20,3
877,174,0,2024-01-01,2
878,518,4,2024-02-15,3
879,299,3,2024-03-20,4
880,651,1,2024-01-01,1
881,226,0,2024-02-15,5
882,680,3,2024-03-20,4
883,177,1,2024-01-01,5
884,706,1,2024-02-15,2
885,326,1,2024-03-20,2
886,599,0,2024-01-01,5
887,452,1,2024-02-15,1
888,333,0,2024-03-20,5
889,195,3,2024-01-01,4
890,813,1,2024-02-15,2
891,37,4,2024-03-20,3
892,169,2,2024-01-01,1
893,924,2,2024-02-15,1
894,461,3,2024-03-20,2
895,679,2,2024-01-01,4
896,437,2,2024-02-15,2
897,681,3,2024-03-20,2
898,904,0,2024-01-01,3
899,268,2,2024-02-15,1
900,923,3,2024-03-20,1
901,234,0,2024-01-01,5
902,815,1,2024-02-15,2
903,325,1,2024-03-20,4
904,7,3,2024-01-01,5
905,764,0,2024-02-15,3
906,390,4,2024-03-20,4
907,706,4,2024-01-01,1
908,132,2,2024-02-15,2
909,727,2,2024-03-20,2
910,897,4,2024-01-01,2
911,376,3,2024-02-15,2
912,803,1,2024-03-20,1
913,672,1,2024-01-01,3
914,550,3,2024-02-15,3
915,34,2,2024-03-20,1
916,445,3,2024-01-01,2
917,497,3,2024-02-15,1
918,626,2,2024-03-20,4
919,619,1,2024-01-01,1
920,755,4,2024-02-15,2
921,978,2,2024-03-20,2
922,381,2,2024-01-01,5
923,663,3,2024-02-15,3
924,234,2,2024-03-20,1
925,379,0,2024-01-01,3
926,378,1,2024-02-15,3
927,345,4,2024-03-20,4
928,785,0,2024-01-01,5
929,16,1,2024-02-15,1
930,302,4,2024-03-20,2
931,978,1,2024-01-01,4
932,677,0,2024-02-15,4
933,734,4,2024-03-20,5
934,404,2,2024-01-01,4
935,745,4,2024-02-15,2
936,351,1,2024-03-20,1
937,737,4,2024-01-01,1
938,485,0,2024-02-15,5
939,377,0,2024-03-20,2
940,442,3,2024-01-01,1
941,636,0,2024-02-15,3
942,568,0,2024-03-20,5
943,358,3,2024-01-01,1
944,271,2,2024-02-15,2
945,913,4,2024-03-20,1
946,411,4,2024-01-01,5
947,364,2,2024-02-15,4
948,534,3,2024-03-20,3
949,380,2,2024-01-01,3
950,225,4,2024-02-15,5
951,394,0,2024-03-20,3
952,859,0,2024-01-01,1
953,797,1,2024-02-15,4
954,565,1,2024-03-20,5
955,936,1,2024-01-01,4
956,574,1,2024-02-15,2
957,497,4,2024-03-20,2
958,352,1,2024-01-01,2
959,308,1,2024-02-15,3
960,240,0,2024-03-20,1
961,260,2,2024-01-01,1
962,799,0,2024-02-15,3
963,711,0,2024-03-20,5
964,913,1,2024-01-01,3
965,340,0,2024-02-15,2
966,679,2,2024-03-20,1
967,474,4,2024-01-01,5
968,283,0,2024-02-15,3
969,379,1,2024-03-20,2
970,968,3,2024-01-01,2
971,740,2,2024-02-15,3
972,655,0,2024-03-20,5
973,40,4,2024-01-01,5
974,750,0,2024-02-15,3
975,752,4,2024-03-20,3
976,934,2,2024-01-01,1
977,592,1,2024-02-15,5
978,322,4,2024-03-20,3
979,627,4,2024-01-01,2
980,99,2,2024-02-15,4
981,135,3,2024-03-20,4
982,199,1,2024-01-01,3
983,326,0,2024-02-15,1
984,286,2,2024-03-20,2
985,50,4,2024-01-01,2
986,76,4,2024-02-15,5
987,843,1,2024-03-20,1
988,564,3,2024-01-01,2
989,684,2,2024-02-15,2
990,968,2,2024-03-20,5
991,978,0,2024-01-01,1
992,704,2,2024-02-15,1
993,734,0,2024-03-20,4
994,589,0,2024-01-01,1
995,129,0,2024-02-15,3
996,634,4,2024-03-20,3
997,831,3,2024-01-01,1
998,959,0,2024-02-15,4
999,538,0,2024-03-20,5
